-- MySQL dump 10.13  Distrib 5.7.17, for Win64 (x86_64)
--
-- Host: bsu-do-sql-pegas.bsu.edu.ru    Database: emou2020
-- ------------------------------------------------------
-- Server version	5.6.34

/*!40101 SET @OLD_CHARACTER_SET_CLIENT=@@CHARACTER_SET_CLIENT */;
/*!40101 SET @OLD_CHARACTER_SET_RESULTS=@@CHARACTER_SET_RESULTS */;
/*!40101 SET @OLD_COLLATION_CONNECTION=@@COLLATION_CONNECTION */;
/*!40101 SET NAMES utf8 */;
/*!40103 SET @OLD_TIME_ZONE=@@TIME_ZONE */;
/*!40103 SET TIME_ZONE='+00:00' */;
/*!40014 SET @OLD_UNIQUE_CHECKS=@@UNIQUE_CHECKS, UNIQUE_CHECKS=0 */;
/*!40014 SET @OLD_FOREIGN_KEY_CHECKS=@@FOREIGN_KEY_CHECKS, FOREIGN_KEY_CHECKS=0 */;
/*!40101 SET @OLD_SQL_MODE=@@SQL_MODE, SQL_MODE='NO_AUTO_VALUE_ON_ZERO' */;
/*!40111 SET @OLD_SQL_NOTES=@@SQL_NOTES, SQL_NOTES=0 */;

--
-- Table structure for table `auslanders`
--

DROP TABLE IF EXISTS `auslanders`;
/*!40101 SET @saved_cs_client     = @@character_set_client */;
/*!40101 SET character_set_client = utf8 */;
CREATE TABLE `auslanders` (
  `id` int(5) NOT NULL AUTO_INCREMENT,
  `country` varchar(20) NOT NULL,
  `qua_stud` int(5) NOT NULL,
  `author` varchar(50) DEFAULT NULL,
  `del_st` varchar(255) DEFAULT '1',
  PRIMARY KEY (`id`)
) ENGINE=InnoDB AUTO_INCREMENT=28 DEFAULT CHARSET=utf8;
/*!40101 SET character_set_client = @saved_cs_client */;

--
-- Dumping data for table `auslanders`
--

LOCK TABLES `auslanders` WRITE;
/*!40000 ALTER TABLE `auslanders` DISABLE KEYS */;
INSERT INTO `auslanders` VALUES (1,'Алжир',1,'bstu','1'),(2,'Ангола',4,'bstu','1'),(3,'Афганистан ',11,'bstu','1'),(4,'Гаити',31,'bstu','1'),(5,'Гана',1,'bstu','1'),(6,'Гвинея',1,'bstu','1'),(7,'Египет',18,'bstu','1'),(8,'Замбия ',2,'bstu','1'),(9,'Израиль',5,'bstu','1'),(10,'Иордания',7,'bstu','1'),(11,'Ирак',4,'bstu','1'),(12,'Иран',1,'bstu','1'),(13,'Кения',1,'bstu','1'),(14,'Китай',1,'bstu','1'),(15,'Колумбия',13,'bstu','1'),(16,'Коморские Острова',2,'bstu','1'),(17,'Кот-Дивуар ',3,'bstu','1'),(18,'Ливан',3,'bstu','1'),(19,'Марокко',1,'bstu','1'),(20,'Монголия ',1,'bstu','1'),(21,'Нигерия',3,'bstu','1'),(22,'Оман',2,'bstu','1'),(23,'Палестина',1,'bstu','1'),(24,'Сербия',7,'bstu','1'),(25,'Сирия',2,'bstu','1'),(26,'Судан ',2,'bstu','1'),(27,'Эквадор',36,'bstu','1');
/*!40000 ALTER TABLE `auslanders` ENABLE KEYS */;
UNLOCK TABLES;

--
-- Table structure for table `culture_agree`
--

DROP TABLE IF EXISTS `culture_agree`;
/*!40101 SET @saved_cs_client     = @@character_set_client */;
/*!40101 SET character_set_client = utf8 */;
CREATE TABLE `culture_agree` (
  `id` int(11) NOT NULL AUTO_INCREMENT,
  `country` varchar(45) DEFAULT NULL,
  `party_contract1` varchar(100) DEFAULT NULL,
  `party_contract2` varchar(100) DEFAULT NULL,
  `date1` date DEFAULT NULL,
  `validity` date DEFAULT NULL,
  `agree_subject` varchar(50) DEFAULT NULL,
  `status` varchar(45) DEFAULT NULL,
  `del_st` varchar(255) DEFAULT '1',
  `author` varchar(255) DEFAULT NULL,
  PRIMARY KEY (`id`)
) ENGINE=InnoDB DEFAULT CHARSET=utf8;
/*!40101 SET character_set_client = @saved_cs_client */;

--
-- Dumping data for table `culture_agree`
--

LOCK TABLES `culture_agree` WRITE;
/*!40000 ALTER TABLE `culture_agree` DISABLE KEYS */;
/*!40000 ALTER TABLE `culture_agree` ENABLE KEYS */;
UNLOCK TABLES;

--
-- Table structure for table `fulltime_education`
--

DROP TABLE IF EXISTS `fulltime_education`;
/*!40101 SET @saved_cs_client     = @@character_set_client */;
/*!40101 SET character_set_client = utf8 */;
CREATE TABLE `fulltime_education` (
  `id` int(11) NOT NULL AUTO_INCREMENT,
  `country` varchar(50) NOT NULL,
  `high_educ` varchar(50) NOT NULL,
  `spo` varchar(50) NOT NULL,
  `aspir` varchar(50) NOT NULL,
  `one_curs` varchar(50) NOT NULL,
  `expelled` varchar(50) NOT NULL,
  `del_st` varchar(255) DEFAULT '1',
  `author` varchar(255) NOT NULL,
  UNIQUE KEY `id` (`id`)
) ENGINE=InnoDB AUTO_INCREMENT=657 DEFAULT CHARSET=utf8;
/*!40101 SET character_set_client = @saved_cs_client */;

--
-- Dumping data for table `fulltime_education`
--

LOCK TABLES `fulltime_education` WRITE;
/*!40000 ALTER TABLE `fulltime_education` DISABLE KEYS */;
INSERT INTO `fulltime_education` VALUES (1,'Страна','Высшее образование','СПО','Аспирантов','1 курс','Отчислено','1','bstu'),(2,'Туркменистан','65','0','3','0','0','1','bstu'),(3,'Конго','21','0','2','2','0','1','bstu'),(4,'Йемен','30','0','2','0','0','1','bstu'),(5,'Сирия','50','0','5','3','0','1','bstu'),(6,'Ангола','47','0','0','0','0','1','bstu'),(7,'Камерун','16','0','0','0','0','1','bstu'),(8,'Украина','108','0','2','1','0','1','bstu'),(9,'Бенин ','9','0','0','0','0','1','bstu'),(10,'Узбекистан','193','0','0','0','0','1','bstu'),(11,'Казахстан','20','0','0','0','0','1','bstu'),(12,'Чад','4','0','0','0','0','1','bstu'),(13,'Танзания','4','0','0','0','0','1','bstu'),(14,'Молдова','11','0','0','0','0','1','bstu'),(15,'Колумбия','33','0','1','0','0','1','bstu'),(16,'Кот-Дивуар','17','0','1','1','0','1','bstu'),(17,'Зимбабве','15','0','0','0','0','1','bstu'),(18,'Мали','5','0','1','0','0','1','bstu'),(19,'Египет','203','0','0','0','0','1','bstu'),(20,'Абхазия','42','0','0','0','0','1','bstu'),(21,'Гана','28','0','1','0','0','1','bstu'),(22,'Марокко','20','0','1','1','0','1','bstu'),(23,'Черногория','1','0','0','0','0','1','bstu'),(24,'Нигерия','41','0','0','0','0','1','bstu'),(25,'Таджикистан','25','0','1','0','0','1','bstu'),(26,'Уганда','1','0','0','0','0','1','bstu'),(27,'Судан','21','0','0','0','0','1','bstu'),(28,'Эквадор ','76','0','0','0','0','1','bstu'),(29,'Афганистан','21','0','0','0','0','1','bstu'),(30,'Сенегал','10','0','0','0','0','1','bstu'),(31,'Китай','29','0','5','3','0','1','bstu'),(32,'Бразилия','2','0','0','0','0','1','bstu'),(33,'Замбия','8','0','2','1','0','1','bstu'),(34,'Свазиленд','3','0','0','0','0','1','bstu'),(35,'Армения','1','0','0','0','0','1','bstu'),(36,'Иордания','33','0','1','1','0','1','bstu'),(37,'Ливан','5','0','0','0','0','1','bstu'),(38,'Пакистан','2','0','0','0','0','1','bstu'),(39,'Ирак','31','0','9','2','0','1','bstu'),(40,'Киргизия','1','0','0','0','0','1','bstu'),(41,'Палестина','7','0','3','1','0','1','bstu'),(42,'Перу','6','0','0','0','0','1','bstu'),(43,'Гвинея','2','0','0','0','0','1','bstu'),(44,'Намибия','4','0','0','0','0','1','bstu'),(45,'Алжир','4','0','0','0','0','1','bstu'),(46,'Оман','0','0','1','0','0','1','bstu'),(47,'Сербия','1','0','3','0','0','1','bstu'),(48,'Эритрея','0','0','1','1','0','1','bstu'),(49,'Гаити','40','0','0','0','0','1','bstu'),(50,'Азербайджан','2','0','0','0','0','1','bstu'),(51,'эсватини','3','0','0','0','0','1','bstu'),(52,'Израиль','3','0','0','0','0','1','bstu'),(53,'Доминиканская республика','1','0','0','0','0','1','bstu'),(54,'Сьерра-Леоне','2','0','0','0','0','1','bstu'),(55,'Саудовская Аравия','4','0','0','0','0','1','bstu'),(56,'Турция','1','0','0','0','0','1','bstu'),(57,'ДРК','14','0','0','0','0','1','bstu'),(58,'Мозамбик','5','0','0','0','0','1','bstu'),(59,'Ливия','1','0','0','0','0','1','bstu'),(60,'Гвинея ','8','0','0','0','0','1','bstu'),(61,'Кения','1','0','0','0','0','1','bstu'),(62,'Боливия','1','0','0','0','0','1','bstu'),(63,'Бурунди','3','0','0','0','0','1','bstu'),(64,'Сомали','1','0','0','0','0','1','bstu'),(65,'Тунис','1','0','0','0','0','1','bstu'),(66,'Монголия','1','0','0','0','0','1','bstu'),(67,'Габон','2','0','0','0','0','1','bstu'),(68,'Германия','1','0','0','0','0','1','bstu'),(69,'Панама','1','0','0','0','0','1','bstu'),(70,'Бангладеш ','1','0','0','0','0','1','bstu'),(71,'Венесуэла','1','0','0','0','0','1','bstu'),(72,'Грузия','1','0','0','0','0','1','bstu'),(73,'Мадагаскар','1','0','0','0','0','1','bstu'),(74,'Южная Африка','2','0','0','0','0','1','bstu'),(75,'Руанда','1','0','0','0','0','1','bstu'),(76,'Беларусь','1','0','0','0','0','1','bstu'),(77,'Страна','Высшее образование','СПО','Аспирантов','1 курс','Отчислено','1','bstu'),(78,'Туркменистан','65','0','3','0','0','1','bstu'),(79,'Конго','21','0','2','2','0','1','bstu'),(80,'Йемен','30','0','2','0','0','1','bstu'),(81,'Сирия','50','0','5','3','0','1','bstu'),(82,'Ангола','47','0','0','0','0','1','bstu'),(83,'Камерун','16','0','0','0','0','1','bstu'),(84,'Украина','108','0','2','1','0','1','bstu'),(85,'Бенин ','9','0','0','0','0','1','bstu'),(86,'Узбекистан','193','0','0','0','0','1','bstu'),(87,'Казахстан','20','0','0','0','0','1','bstu'),(88,'Чад','4','0','0','0','0','1','bstu'),(89,'Танзания','4','0','0','0','0','1','bstu'),(90,'Молдова','11','0','0','0','0','1','bstu'),(91,'Колумбия','33','0','1','0','0','1','bstu'),(92,'Кот-Дивуар','17','0','1','1','0','1','bstu'),(93,'Зимбабве','15','0','0','0','0','1','bstu'),(94,'Мали','5','0','1','0','0','1','bstu'),(95,'Египет','203','0','0','0','0','1','bstu'),(96,'Абхазия','42','0','0','0','0','1','bstu'),(97,'Гана','28','0','1','0','0','1','bstu'),(98,'Марокко','20','0','1','1','0','1','bstu'),(99,'Черногория','1','0','0','0','0','1','bstu'),(100,'Нигерия','41','0','0','0','0','1','bstu'),(101,'Таджикистан','25','0','1','0','0','1','bstu'),(102,'Уганда','1','0','0','0','0','1','bstu'),(103,'Судан','21','0','0','0','0','1','bstu'),(104,'Эквадор ','76','0','0','0','0','1','bstu'),(105,'Афганистан','21','0','0','0','0','1','bstu'),(106,'Сенегал','10','0','0','0','0','1','bstu'),(107,'Китай','29','0','5','3','0','1','bstu'),(108,'Бразилия','2','0','0','0','0','1','bstu'),(109,'Замбия','8','0','2','1','0','1','bstu'),(110,'Свазиленд','3','0','0','0','0','1','bstu'),(111,'Армения','1','0','0','0','0','1','bstu'),(112,'Иордания','33','0','1','1','0','1','bstu'),(113,'Ливан','5','0','0','0','0','1','bstu'),(114,'Пакистан','2','0','0','0','0','1','bstu'),(115,'Ирак','31','0','9','2','0','1','bstu'),(116,'Киргизия','1','0','0','0','0','1','bstu'),(117,'Палестина','7','0','3','1','0','1','bstu'),(118,'Перу','6','0','0','0','0','1','bstu'),(119,'Гвинея','2','0','0','0','0','1','bstu'),(120,'Намибия','4','0','0','0','0','1','bstu'),(121,'Алжир','4','0','0','0','0','1','bstu'),(122,'Оман','0','0','1','0','0','1','bstu'),(123,'Сербия','1','0','3','0','0','1','bstu'),(124,'Эритрея','0','0','1','1','0','1','bstu'),(125,'Гаити','40','0','0','0','0','1','bstu'),(126,'Азербайджан','2','0','0','0','0','1','bstu'),(127,'эсватини','3','0','0','0','0','1','bstu'),(128,'Израиль','3','0','0','0','0','1','bstu'),(129,'Доминиканская республика','1','0','0','0','0','1','bstu'),(130,'Сьерра-Леоне','2','0','0','0','0','1','bstu'),(131,'Саудовская Аравия','4','0','0','0','0','1','bstu'),(132,'Турция','1','0','0','0','0','1','bstu'),(133,'ДРК','14','0','0','0','0','1','bstu'),(134,'Мозамбик','5','0','0','0','0','1','bstu'),(135,'Ливия','1','0','0','0','0','1','bstu'),(136,'Гвинея ','8','0','0','0','0','1','bstu'),(137,'Кения','1','0','0','0','0','1','bstu'),(138,'Боливия','1','0','0','0','0','1','bstu'),(139,'Бурунди','3','0','0','0','0','1','bstu'),(140,'Сомали','1','0','0','0','0','1','bstu'),(141,'Тунис','1','0','0','0','0','1','bstu'),(142,'Монголия','1','0','0','0','0','1','bstu'),(143,'Габон','2','0','0','0','0','1','bstu'),(144,'Германия','1','0','0','0','0','1','bstu'),(145,'Панама','1','0','0','0','0','1','bstu'),(146,'Бангладеш ','1','0','0','0','0','1','bstu'),(147,'Венесуэла','1','0','0','0','0','1','bstu'),(148,'Грузия','1','0','0','0','0','1','bstu'),(149,'Мадагаскар','1','0','0','0','0','1','bstu'),(150,'Южная Африка','2','0','0','0','0','1','bstu'),(151,'Руанда','1','0','0','0','0','1','bstu'),(152,'Беларусь','1','0','0','0','0','1','bstu'),(153,'Страна','Высшее образование','СПО','Аспирантов','1 курс','Отчислено','1',''),(154,'Беларусь','137','0','0','0','0','1',''),(155,'Украина','77','0','0','0','0','1',''),(156,'Туркменистан','14','0','0','0','0','1',''),(157,'Молдова','3','0','0','0','0','1',''),(158,'Казахстан','14','0','3','0','0','1',''),(159,'Азербайджан','9','0','0','0','0','1',''),(160,'Германия','1','0','0','0','0','1',''),(161,'Узбекистан ','54','0','2','0','0','1',''),(162,'Таджикистан','3','0','0','0','0','1',''),(163,'Армения','6','0','0','0','0','1',''),(164,'Руанда','1','0','0','0','0','1',''),(165,'Грузия','1','0','0','0','0','1',''),(166,'Киргизия','3','0','0','0','0','1',''),(167,'Египет','1','0','0','0','0','1',''),(168,'Нигерия','1','0','0','0','0','1',''),(169,'Страна','Высшее образование','СПО','Аспирантов','1 курс','Отчислено','1',''),(170,'Беларусь','137','0','0','0','0','1',''),(171,'Украина','77','0','0','0','0','1',''),(172,'Туркменистан','14','0','0','0','0','1',''),(173,'Молдова','3','0','0','0','0','1',''),(174,'Казахстан','14','0','3','0','0','1',''),(175,'Азербайджан','9','0','0','0','0','1',''),(176,'Германия','1','0','0','0','0','1',''),(177,'Узбекистан ','54','0','2','0','0','1',''),(178,'Таджикистан','3','0','0','0','0','1',''),(179,'Армения','6','0','0','0','0','1',''),(180,'Руанда','1','0','0','0','0','1',''),(181,'Грузия','1','0','0','0','0','1',''),(182,'Киргизия','3','0','0','0','0','1',''),(183,'Египет','1','0','0','0','0','1',''),(184,'Нигерия','1','0','0','0','0','1',''),(185,'Страна','Высшее образование','СПО','Аспирантов','1 курс','Отчислено','1',''),(186,'Беларусь','137','0','0','0','0','1',''),(187,'Украина','77','0','0','0','0','1',''),(188,'Туркменистан','14','0','0','0','0','1',''),(189,'Молдова','3','0','0','0','0','1',''),(190,'Казахстан','14','0','3','0','0','1',''),(191,'Азербайджан','9','0','0','0','0','1',''),(192,'Германия','1','0','0','0','0','1',''),(193,'Узбекистан ','54','0','2','0','0','1',''),(194,'Таджикистан','3','0','0','0','0','1',''),(195,'Армения','6','0','0','0','0','1',''),(196,'Руанда','1','0','0','0','0','1',''),(197,'Грузия','1','0','0','0','0','1',''),(198,'Киргизия','3','0','0','0','0','1',''),(199,'Египет','1','0','0','0','0','1',''),(200,'Нигерия','1','0','0','0','0','1',''),(201,'Страна','Высшее образование','СПО','Аспирантов','1 курс','Отчислено','1',''),(202,'Туркменистан','65','0','3','0','0','1',''),(203,'Конго','21','0','2','2','0','1',''),(204,'Йемен','30','0','2','0','0','1',''),(205,'Сирия','50','0','5','3','0','1',''),(206,'Ангола','47','0','0','0','0','1',''),(207,'Камерун','16','0','0','0','0','1',''),(208,'Украина','108','0','2','1','0','1',''),(209,'Бенин ','9','0','0','0','0','1',''),(210,'Узбекистан','193','0','0','0','0','1',''),(211,'Казахстан','20','0','0','0','0','1',''),(212,'Чад','4','0','0','0','0','1',''),(213,'Танзания','4','0','0','0','0','1',''),(214,'Молдова','11','0','0','0','0','1',''),(215,'Колумбия','33','0','1','0','0','1',''),(216,'Кот-Дивуар','17','0','1','1','0','1',''),(217,'Зимбабве','15','0','0','0','0','1',''),(218,'Мали','5','0','1','0','0','1',''),(219,'Египет','203','0','0','0','0','1',''),(220,'Абхазия','42','0','0','0','0','1',''),(221,'Гана','28','0','1','0','0','1',''),(222,'Марокко','20','0','1','1','0','1',''),(223,'Черногория','1','0','0','0','0','1',''),(224,'Нигерия','41','0','0','0','0','1',''),(225,'Таджикистан','25','0','1','0','0','1',''),(226,'Уганда','1','0','0','0','0','1',''),(227,'Судан','21','0','0','0','0','1',''),(228,'Эквадор ','76','0','0','0','0','1',''),(229,'Афганистан','21','0','0','0','0','1',''),(230,'Сенегал','10','0','0','0','0','1',''),(231,'Китай','29','0','5','3','0','1',''),(232,'Бразилия','2','0','0','0','0','1',''),(233,'Замбия','8','0','2','1','0','1',''),(234,'Свазиленд','3','0','0','0','0','1',''),(235,'Армения','1','0','0','0','0','1',''),(236,'Иордания','33','0','1','1','0','1',''),(237,'Ливан','5','0','0','0','0','1',''),(238,'Пакистан','2','0','0','0','0','1',''),(239,'Ирак','31','0','9','2','0','1',''),(240,'Киргизия','1','0','0','0','0','1',''),(241,'Палестина','7','0','3','1','0','1',''),(242,'Перу','6','0','0','0','0','1',''),(243,'Гвинея','2','0','0','0','0','1',''),(244,'Намибия','4','0','0','0','0','1',''),(245,'Алжир','4','0','0','0','0','1',''),(246,'Оман','0','0','1','0','0','1',''),(247,'Сербия','1','0','3','0','0','1',''),(248,'Эритрея','0','0','1','1','0','1',''),(249,'Гаити','40','0','0','0','0','1',''),(250,'Азербайджан','2','0','0','0','0','1',''),(251,'эсватини','3','0','0','0','0','1',''),(252,'Израиль','3','0','0','0','0','1',''),(253,'Доминиканская республика','1','0','0','0','0','1',''),(254,'Сьерра-Леоне','2','0','0','0','0','1',''),(255,'Саудовская Аравия','4','0','0','0','0','1',''),(256,'Турция','1','0','0','0','0','1',''),(257,'ДРК','14','0','0','0','0','1',''),(258,'Мозамбик','5','0','0','0','0','1',''),(259,'Ливия','1','0','0','0','0','1',''),(260,'Гвинея ','8','0','0','0','0','1',''),(261,'Кения','1','0','0','0','0','1',''),(262,'Боливия','1','0','0','0','0','1',''),(263,'Бурунди','3','0','0','0','0','1',''),(264,'Сомали','1','0','0','0','0','1',''),(265,'Тунис','1','0','0','0','0','1',''),(266,'Монголия','1','0','0','0','0','1',''),(267,'Габон','2','0','0','0','0','1',''),(268,'Германия','1','0','0','0','0','1',''),(269,'Панама','1','0','0','0','0','1',''),(270,'Бангладеш ','1','0','0','0','0','1',''),(271,'Венесуэла','1','0','0','0','0','1',''),(272,'Грузия','1','0','0','0','0','1',''),(273,'Мадагаскар','1','0','0','0','0','1',''),(274,'Южная Африка','2','0','0','0','0','1',''),(275,'Руанда','1','0','0','0','0','1',''),(276,'Беларусь','1','0','0','0','0','1',''),(277,'Страна','Высшее образование','СПО','Аспирантов','1 курс','Отчислено','1',''),(278,'Туркменистан','65','0','3','0','0','1',''),(279,'Конго','21','0','2','2','0','1',''),(280,'Йемен','30','0','2','0','0','1',''),(281,'Сирия','50','0','5','3','0','1',''),(282,'Ангола','47','0','0','0','0','1',''),(283,'Камерун','16','0','0','0','0','1',''),(284,'Украина','108','0','2','1','0','1',''),(285,'Бенин ','9','0','0','0','0','1',''),(286,'Узбекистан','193','0','0','0','0','1',''),(287,'Казахстан','20','0','0','0','0','1',''),(288,'Чад','4','0','0','0','0','1',''),(289,'Танзания','4','0','0','0','0','1',''),(290,'Молдова','11','0','0','0','0','1',''),(291,'Колумбия','33','0','1','0','0','1',''),(292,'Кот-Дивуар','17','0','1','1','0','1',''),(293,'Зимбабве','15','0','0','0','0','1',''),(294,'Мали','5','0','1','0','0','1',''),(295,'Египет','203','0','0','0','0','1',''),(296,'Абхазия','42','0','0','0','0','1',''),(297,'Гана','28','0','1','0','0','1',''),(298,'Марокко','20','0','1','1','0','1',''),(299,'Черногория','1','0','0','0','0','1',''),(300,'Нигерия','41','0','0','0','0','1',''),(301,'Таджикистан','25','0','1','0','0','1',''),(302,'Уганда','1','0','0','0','0','1',''),(303,'Судан','21','0','0','0','0','1',''),(304,'Эквадор ','76','0','0','0','0','1',''),(305,'Афганистан','21','0','0','0','0','1',''),(306,'Сенегал','10','0','0','0','0','1',''),(307,'Китай','29','0','5','3','0','1',''),(308,'Бразилия','2','0','0','0','0','1',''),(309,'Замбия','8','0','2','1','0','1',''),(310,'Свазиленд','3','0','0','0','0','1',''),(311,'Армения','1','0','0','0','0','1',''),(312,'Иордания','33','0','1','1','0','1',''),(313,'Ливан','5','0','0','0','0','1',''),(314,'Пакистан','2','0','0','0','0','1',''),(315,'Ирак','31','0','9','2','0','1',''),(316,'Киргизия','1','0','0','0','0','1',''),(317,'Палестина','7','0','3','1','0','1',''),(318,'Перу','6','0','0','0','0','1',''),(319,'Гвинея','2','0','0','0','0','1',''),(320,'Намибия','4','0','0','0','0','1',''),(321,'Алжир','4','0','0','0','0','1',''),(322,'Оман','0','0','1','0','0','1',''),(323,'Сербия','1','0','3','0','0','1',''),(324,'Эритрея','0','0','1','1','0','1',''),(325,'Гаити','40','0','0','0','0','1',''),(326,'Азербайджан','2','0','0','0','0','1',''),(327,'эсватини','3','0','0','0','0','1',''),(328,'Израиль','3','0','0','0','0','1',''),(329,'Доминиканская республика','1','0','0','0','0','1',''),(330,'Сьерра-Леоне','2','0','0','0','0','1',''),(331,'Саудовская Аравия','4','0','0','0','0','1',''),(332,'Турция','1','0','0','0','0','1',''),(333,'ДРК','14','0','0','0','0','1',''),(334,'Мозамбик','5','0','0','0','0','1',''),(335,'Ливия','1','0','0','0','0','1',''),(336,'Гвинея ','8','0','0','0','0','1',''),(337,'Кения','1','0','0','0','0','1',''),(338,'Боливия','1','0','0','0','0','1',''),(339,'Бурунди','3','0','0','0','0','1',''),(340,'Сомали','1','0','0','0','0','1',''),(341,'Тунис','1','0','0','0','0','1',''),(342,'Монголия','1','0','0','0','0','1',''),(343,'Габон','2','0','0','0','0','1',''),(344,'Германия','1','0','0','0','0','1',''),(345,'Панама','1','0','0','0','0','1',''),(346,'Бангладеш ','1','0','0','0','0','1',''),(347,'Венесуэла','1','0','0','0','0','1',''),(348,'Грузия','1','0','0','0','0','1',''),(349,'Мадагаскар','1','0','0','0','0','1',''),(350,'Южная Африка','2','0','0','0','0','1',''),(351,'Руанда','1','0','0','0','0','1',''),(352,'Беларусь','1','0','0','0','0','1',''),(353,'Страна','Высшее образование','СПО','Аспирантов','1 курс','Отчислено','1','bstu'),(354,'Туркменистан','65','0','3','0','0','1','bstu'),(355,'Конго','21','0','2','2','0','1','bstu'),(356,'Йемен','30','0','2','0','0','1','bstu'),(357,'Сирия','50','0','5','3','0','1','bstu'),(358,'Ангола','47','0','0','0','0','1','bstu'),(359,'Камерун','16','0','0','0','0','1','bstu'),(360,'Украина','108','0','2','1','0','1','bstu'),(361,'Бенин ','9','0','0','0','0','1','bstu'),(362,'Узбекистан','193','0','0','0','0','1','bstu'),(363,'Казахстан','20','0','0','0','0','1','bstu'),(364,'Чад','4','0','0','0','0','1','bstu'),(365,'Танзания','4','0','0','0','0','1','bstu'),(366,'Молдова','11','0','0','0','0','1','bstu'),(367,'Колумбия','33','0','1','0','0','1','bstu'),(368,'Кот-Дивуар','17','0','1','1','0','1','bstu'),(369,'Зимбабве','15','0','0','0','0','1','bstu'),(370,'Мали','5','0','1','0','0','1','bstu'),(371,'Египет','203','0','0','0','0','1','bstu'),(372,'Абхазия','42','0','0','0','0','1','bstu'),(373,'Гана','28','0','1','0','0','1','bstu'),(374,'Марокко','20','0','1','1','0','1','bstu'),(375,'Черногория','1','0','0','0','0','1','bstu'),(376,'Нигерия','41','0','0','0','0','1','bstu'),(377,'Таджикистан','25','0','1','0','0','1','bstu'),(378,'Уганда','1','0','0','0','0','1','bstu'),(379,'Судан','21','0','0','0','0','1','bstu'),(380,'Эквадор ','76','0','0','0','0','1','bstu'),(381,'Афганистан','21','0','0','0','0','1','bstu'),(382,'Сенегал','10','0','0','0','0','1','bstu'),(383,'Китай','29','0','5','3','0','1','bstu'),(384,'Бразилия','2','0','0','0','0','1','bstu'),(385,'Замбия','8','0','2','1','0','1','bstu'),(386,'Свазиленд','3','0','0','0','0','1','bstu'),(387,'Армения','1','0','0','0','0','1','bstu'),(388,'Иордания','33','0','1','1','0','1','bstu'),(389,'Ливан','5','0','0','0','0','1','bstu'),(390,'Пакистан','2','0','0','0','0','1','bstu'),(391,'Ирак','31','0','9','2','0','1','bstu'),(392,'Киргизия','1','0','0','0','0','1','bstu'),(393,'Палестина','7','0','3','1','0','1','bstu'),(394,'Перу','6','0','0','0','0','1','bstu'),(395,'Гвинея','2','0','0','0','0','1','bstu'),(396,'Намибия','4','0','0','0','0','1','bstu'),(397,'Алжир','4','0','0','0','0','1','bstu'),(398,'Оман','0','0','1','0','0','1','bstu'),(399,'Сербия','1','0','3','0','0','1','bstu'),(400,'Эритрея','0','0','1','1','0','1','bstu'),(401,'Гаити','40','0','0','0','0','1','bstu'),(402,'Азербайджан','2','0','0','0','0','1','bstu'),(403,'эсватини','3','0','0','0','0','1','bstu'),(404,'Израиль','3','0','0','0','0','1','bstu'),(405,'Доминиканская республика','1','0','0','0','0','1','bstu'),(406,'Сьерра-Леоне','2','0','0','0','0','1','bstu'),(407,'Саудовская Аравия','4','0','0','0','0','1','bstu'),(408,'Турция','1','0','0','0','0','1','bstu'),(409,'ДРК','14','0','0','0','0','1','bstu'),(410,'Мозамбик','5','0','0','0','0','1','bstu'),(411,'Ливия','1','0','0','0','0','1','bstu'),(412,'Гвинея ','8','0','0','0','0','1','bstu'),(413,'Кения','1','0','0','0','0','1','bstu'),(414,'Боливия','1','0','0','0','0','1','bstu'),(415,'Бурунди','3','0','0','0','0','1','bstu'),(416,'Сомали','1','0','0','0','0','1','bstu'),(417,'Тунис','1','0','0','0','0','1','bstu'),(418,'Монголия','1','0','0','0','0','1','bstu'),(419,'Габон','2','0','0','0','0','1','bstu'),(420,'Германия','1','0','0','0','0','1','bstu'),(421,'Панама','1','0','0','0','0','1','bstu'),(422,'Бангладеш ','1','0','0','0','0','1','bstu'),(423,'Венесуэла','1','0','0','0','0','1','bstu'),(424,'Грузия','1','0','0','0','0','1','bstu'),(425,'Мадагаскар','1','0','0','0','0','1','bstu'),(426,'Южная Африка','2','0','0','0','0','1','bstu'),(427,'Руанда','1','0','0','0','0','1','bstu'),(428,'Беларусь','1','0','0','0','0','1','bstu'),(429,'Страна','Высшее образование','СПО','Аспирантов','1 курс','Отчислено','1','bstu'),(430,'Туркменистан','65','0','3','0','0','1','bstu'),(431,'Конго','21','0','2','2','0','1','bstu'),(432,'Йемен','30','0','2','0','0','1','bstu'),(433,'Сирия','50','0','5','3','0','1','bstu'),(434,'Ангола','47','0','0','0','0','1','bstu'),(435,'Камерун','16','0','0','0','0','1','bstu'),(436,'Украина','108','0','2','1','0','1','bstu'),(437,'Бенин ','9','0','0','0','0','1','bstu'),(438,'Узбекистан','193','0','0','0','0','1','bstu'),(439,'Казахстан','20','0','0','0','0','1','bstu'),(440,'Чад','4','0','0','0','0','1','bstu'),(441,'Танзания','4','0','0','0','0','1','bstu'),(442,'Молдова','11','0','0','0','0','1','bstu'),(443,'Колумбия','33','0','1','0','0','1','bstu'),(444,'Кот-Дивуар','17','0','1','1','0','1','bstu'),(445,'Зимбабве','15','0','0','0','0','1','bstu'),(446,'Мали','5','0','1','0','0','1','bstu'),(447,'Египет','203','0','0','0','0','1','bstu'),(448,'Абхазия','42','0','0','0','0','1','bstu'),(449,'Гана','28','0','1','0','0','1','bstu'),(450,'Марокко','20','0','1','1','0','1','bstu'),(451,'Черногория','1','0','0','0','0','1','bstu'),(452,'Нигерия','41','0','0','0','0','1','bstu'),(453,'Таджикистан','25','0','1','0','0','1','bstu'),(454,'Уганда','1','0','0','0','0','1','bstu'),(455,'Судан','21','0','0','0','0','1','bstu'),(456,'Эквадор ','76','0','0','0','0','1','bstu'),(457,'Афганистан','21','0','0','0','0','1','bstu'),(458,'Сенегал','10','0','0','0','0','1','bstu'),(459,'Китай','29','0','5','3','0','1','bstu'),(460,'Бразилия','2','0','0','0','0','1','bstu'),(461,'Замбия','8','0','2','1','0','1','bstu'),(462,'Свазиленд','3','0','0','0','0','1','bstu'),(463,'Армения','1','0','0','0','0','1','bstu'),(464,'Иордания','33','0','1','1','0','1','bstu'),(465,'Ливан','5','0','0','0','0','1','bstu'),(466,'Пакистан','2','0','0','0','0','1','bstu'),(467,'Ирак','31','0','9','2','0','1','bstu'),(468,'Киргизия','1','0','0','0','0','1','bstu'),(469,'Палестина','7','0','3','1','0','1','bstu'),(470,'Перу','6','0','0','0','0','1','bstu'),(471,'Гвинея','2','0','0','0','0','1','bstu'),(472,'Намибия','4','0','0','0','0','1','bstu'),(473,'Алжир','4','0','0','0','0','1','bstu'),(474,'Оман','0','0','1','0','0','1','bstu'),(475,'Сербия','1','0','3','0','0','1','bstu'),(476,'Эритрея','0','0','1','1','0','1','bstu'),(477,'Гаити','40','0','0','0','0','1','bstu'),(478,'Азербайджан','2','0','0','0','0','1','bstu'),(479,'эсватини','3','0','0','0','0','1','bstu'),(480,'Израиль','3','0','0','0','0','1','bstu'),(481,'Доминиканская республика','1','0','0','0','0','1','bstu'),(482,'Сьерра-Леоне','2','0','0','0','0','1','bstu'),(483,'Саудовская Аравия','4','0','0','0','0','1','bstu'),(484,'Турция','1','0','0','0','0','1','bstu'),(485,'ДРК','14','0','0','0','0','1','bstu'),(486,'Мозамбик','5','0','0','0','0','1','bstu'),(487,'Ливия','1','0','0','0','0','1','bstu'),(488,'Гвинея ','8','0','0','0','0','1','bstu'),(489,'Кения','1','0','0','0','0','1','bstu'),(490,'Боливия','1','0','0','0','0','1','bstu'),(491,'Бурунди','3','0','0','0','0','1','bstu'),(492,'Сомали','1','0','0','0','0','1','bstu'),(493,'Тунис','1','0','0','0','0','1','bstu'),(494,'Монголия','1','0','0','0','0','1','bstu'),(495,'Габон','2','0','0','0','0','1','bstu'),(496,'Германия','1','0','0','0','0','1','bstu'),(497,'Панама','1','0','0','0','0','1','bstu'),(498,'Бангладеш ','1','0','0','0','0','1','bstu'),(499,'Венесуэла','1','0','0','0','0','1','bstu'),(500,'Грузия','1','0','0','0','0','1','bstu'),(501,'Мадагаскар','1','0','0','0','0','1','bstu'),(502,'Южная Африка','2','0','0','0','0','1','bstu'),(503,'Руанда','1','0','0','0','0','1','bstu'),(504,'Беларусь','1','0','0','0','0','1','bstu'),(505,'Страна','Высшее образование','СПО','Аспирантов','1 курс','Отчислено','1','bstu'),(506,'Туркменистан','65','0','3','0','0','1','bstu'),(507,'Конго','21','0','2','2','0','1','bstu'),(508,'Йемен','30','0','2','0','0','1','bstu'),(509,'Сирия','50','0','5','3','0','1','bstu'),(510,'Ангола','47','0','0','0','0','1','bstu'),(511,'Камерун','16','0','0','0','0','1','bstu'),(512,'Украина','108','0','2','1','0','1','bstu'),(513,'Бенин ','9','0','0','0','0','1','bstu'),(514,'Узбекистан','193','0','0','0','0','1','bstu'),(515,'Казахстан','20','0','0','0','0','1','bstu'),(516,'Чад','4','0','0','0','0','1','bstu'),(517,'Танзания','4','0','0','0','0','1','bstu'),(518,'Молдова','11','0','0','0','0','1','bstu'),(519,'Колумбия','33','0','1','0','0','1','bstu'),(520,'Кот-Дивуар','17','0','1','1','0','1','bstu'),(521,'Зимбабве','15','0','0','0','0','1','bstu'),(522,'Мали','5','0','1','0','0','1','bstu'),(523,'Египет','203','0','0','0','0','1','bstu'),(524,'Абхазия','42','0','0','0','0','1','bstu'),(525,'Гана','28','0','1','0','0','1','bstu'),(526,'Марокко','20','0','1','1','0','1','bstu'),(527,'Черногория','1','0','0','0','0','1','bstu'),(528,'Нигерия','41','0','0','0','0','1','bstu'),(529,'Таджикистан','25','0','1','0','0','1','bstu'),(530,'Уганда','1','0','0','0','0','1','bstu'),(531,'Судан','21','0','0','0','0','1','bstu'),(532,'Эквадор ','76','0','0','0','0','1','bstu'),(533,'Афганистан','21','0','0','0','0','1','bstu'),(534,'Сенегал','10','0','0','0','0','1','bstu'),(535,'Китай','29','0','5','3','0','1','bstu'),(536,'Бразилия','2','0','0','0','0','1','bstu'),(537,'Замбия','8','0','2','1','0','1','bstu'),(538,'Свазиленд','3','0','0','0','0','1','bstu'),(539,'Армения','1','0','0','0','0','1','bstu'),(540,'Иордания','33','0','1','1','0','1','bstu'),(541,'Ливан','5','0','0','0','0','1','bstu'),(542,'Пакистан','2','0','0','0','0','1','bstu'),(543,'Ирак','31','0','9','2','0','1','bstu'),(544,'Киргизия','1','0','0','0','0','1','bstu'),(545,'Палестина','7','0','3','1','0','1','bstu'),(546,'Перу','6','0','0','0','0','1','bstu'),(547,'Гвинея','2','0','0','0','0','1','bstu'),(548,'Намибия','4','0','0','0','0','1','bstu'),(549,'Алжир','4','0','0','0','0','1','bstu'),(550,'Оман','0','0','1','0','0','1','bstu'),(551,'Сербия','1','0','3','0','0','1','bstu'),(552,'Эритрея','0','0','1','1','0','1','bstu'),(553,'Гаити','40','0','0','0','0','1','bstu'),(554,'Азербайджан','2','0','0','0','0','1','bstu'),(555,'эсватини','3','0','0','0','0','1','bstu'),(556,'Израиль','3','0','0','0','0','1','bstu'),(557,'Доминиканская республика','1','0','0','0','0','1','bstu'),(558,'Сьерра-Леоне','2','0','0','0','0','1','bstu'),(559,'Саудовская Аравия','4','0','0','0','0','1','bstu'),(560,'Турция','1','0','0','0','0','1','bstu'),(561,'ДРК','14','0','0','0','0','1','bstu'),(562,'Мозамбик','5','0','0','0','0','1','bstu'),(563,'Ливия','1','0','0','0','0','1','bstu'),(564,'Гвинея ','8','0','0','0','0','1','bstu'),(565,'Кения','1','0','0','0','0','1','bstu'),(566,'Боливия','1','0','0','0','0','1','bstu'),(567,'Бурунди','3','0','0','0','0','1','bstu'),(568,'Сомали','1','0','0','0','0','1','bstu'),(569,'Тунис','1','0','0','0','0','1','bstu'),(570,'Монголия','1','0','0','0','0','1','bstu'),(571,'Габон','2','0','0','0','0','1','bstu'),(572,'Германия','1','0','0','0','0','1','bstu'),(573,'Панама','1','0','0','0','0','1','bstu'),(574,'Бангладеш ','1','0','0','0','0','1','bstu'),(575,'Венесуэла','1','0','0','0','0','1','bstu'),(576,'Грузия','1','0','0','0','0','1','bstu'),(577,'Мадагаскар','1','0','0','0','0','1','bstu'),(578,'Южная Африка','2','0','0','0','0','1','bstu'),(579,'Руанда','1','0','0','0','0','1','bstu'),(580,'Беларусь','1','0','0','0','0','1','bstu'),(581,'Страна','Высшее образование','СПО','Аспирантов','1 курс','Отчислено','1','bstu'),(582,'Туркменистан','65','0','3','0','0','1','bstu'),(583,'Конго','21','0','2','2','0','1','bstu'),(584,'Йемен','30','0','2','0','0','1','bstu'),(585,'Сирия','50','0','5','3','0','1','bstu'),(586,'Ангола','47','0','0','0','0','1','bstu'),(587,'Камерун','16','0','0','0','0','1','bstu'),(588,'Украина','108','0','2','1','0','1','bstu'),(589,'Бенин ','9','0','0','0','0','1','bstu'),(590,'Узбекистан','193','0','0','0','0','1','bstu'),(591,'Казахстан','20','0','0','0','0','1','bstu'),(592,'Чад','4','0','0','0','0','1','bstu'),(593,'Танзания','4','0','0','0','0','1','bstu'),(594,'Молдова','11','0','0','0','0','1','bstu'),(595,'Колумбия','33','0','1','0','0','1','bstu'),(596,'Кот-Дивуар','17','0','1','1','0','1','bstu'),(597,'Зимбабве','15','0','0','0','0','1','bstu'),(598,'Мали','5','0','1','0','0','1','bstu'),(599,'Египет','203','0','0','0','0','1','bstu'),(600,'Абхазия','42','0','0','0','0','1','bstu'),(601,'Гана','28','0','1','0','0','1','bstu'),(602,'Марокко','20','0','1','1','0','1','bstu'),(603,'Черногория','1','0','0','0','0','1','bstu'),(604,'Нигерия','41','0','0','0','0','1','bstu'),(605,'Таджикистан','25','0','1','0','0','1','bstu'),(606,'Уганда','1','0','0','0','0','1','bstu'),(607,'Судан','21','0','0','0','0','1','bstu'),(608,'Эквадор ','76','0','0','0','0','1','bstu'),(609,'Афганистан','21','0','0','0','0','1','bstu'),(610,'Сенегал','10','0','0','0','0','1','bstu'),(611,'Китай','29','0','5','3','0','1','bstu'),(612,'Бразилия','2','0','0','0','0','1','bstu'),(613,'Замбия','8','0','2','1','0','1','bstu'),(614,'Свазиленд','3','0','0','0','0','1','bstu'),(615,'Армения','1','0','0','0','0','1','bstu'),(616,'Иордания','33','0','1','1','0','1','bstu'),(617,'Ливан','5','0','0','0','0','1','bstu'),(618,'Пакистан','2','0','0','0','0','1','bstu'),(619,'Ирак','31','0','9','2','0','1','bstu'),(620,'Киргизия','1','0','0','0','0','1','bstu'),(621,'Палестина','7','0','3','1','0','1','bstu'),(622,'Перу','6','0','0','0','0','1','bstu'),(623,'Гвинея','2','0','0','0','0','1','bstu'),(624,'Намибия','4','0','0','0','0','1','bstu'),(625,'Алжир','4','0','0','0','0','1','bstu'),(626,'Оман','0','0','1','0','0','1','bstu'),(627,'Сербия','1','0','3','0','0','1','bstu'),(628,'Эритрея','0','0','1','1','0','1','bstu'),(629,'Гаити','40','0','0','0','0','1','bstu'),(630,'Азербайджан','2','0','0','0','0','1','bstu'),(631,'эсватини','3','0','0','0','0','1','bstu'),(632,'Израиль','3','0','0','0','0','1','bstu'),(633,'Доминиканская республика','1','0','0','0','0','1','bstu'),(634,'Сьерра-Леоне','2','0','0','0','0','1','bstu'),(635,'Саудовская Аравия','4','0','0','0','0','1','bstu'),(636,'Турция','1','0','0','0','0','1','bstu'),(637,'ДРК','14','0','0','0','0','1','bstu'),(638,'Мозамбик','5','0','0','0','0','1','bstu'),(639,'Ливия','1','0','0','0','0','1','bstu'),(640,'Гвинея ','8','0','0','0','0','1','bstu'),(641,'Кения','1','0','0','0','0','1','bstu'),(642,'Боливия','1','0','0','0','0','1','bstu'),(643,'Бурунди','3','0','0','0','0','1','bstu'),(644,'Сомали','1','0','0','0','0','1','bstu'),(645,'Тунис','1','0','0','0','0','1','bstu'),(646,'Монголия','1','0','0','0','0','1','bstu'),(647,'Габон','2','0','0','0','0','1','bstu'),(648,'Германия','1','0','0','0','0','1','bstu'),(649,'Панама','1','0','0','0','0','1','bstu'),(650,'Бангладеш ','1','0','0','0','0','1','bstu'),(651,'Венесуэла','1','0','0','0','0','1','bstu'),(652,'Грузия','1','0','0','0','0','1','bstu'),(653,'Мадагаскар','1','0','0','0','0','1','bstu'),(654,'Южная Африка','2','0','0','0','0','1','bstu'),(655,'Руанда','1','0','0','0','0','1','bstu'),(656,'Беларусь','1','0','0','0','0','1','bstu');
/*!40000 ALTER TABLE `fulltime_education` ENABLE KEYS */;
UNLOCK TABLES;

--
-- Table structure for table `grants`
--

DROP TABLE IF EXISTS `grants`;
/*!40101 SET @saved_cs_client     = @@character_set_client */;
/*!40101 SET character_set_client = utf8 */;
CREATE TABLE `grants` (
  `id` int(11) NOT NULL AUTO_INCREMENT,
  `grant_organization` varchar(45) DEFAULT NULL,
  `grant_name` varchar(45) DEFAULT NULL,
  `country` varchar(45) DEFAULT NULL,
  `start_grant_proj` date DEFAULT NULL,
  `stop_grant_proj` date DEFAULT NULL,
  `del_st` varchar(255) DEFAULT '1',
  `author` varchar(255) DEFAULT NULL,
  PRIMARY KEY (`id`)
) ENGINE=InnoDB DEFAULT CHARSET=utf8;
/*!40101 SET character_set_client = @saved_cs_client */;

--
-- Dumping data for table `grants`
--

LOCK TABLES `grants` WRITE;
/*!40000 ALTER TABLE `grants` DISABLE KEYS */;
/*!40000 ALTER TABLE `grants` ENABLE KEYS */;
UNLOCK TABLES;

--
-- Table structure for table `inter_agr_ekonom`
--

DROP TABLE IF EXISTS `inter_agr_ekonom`;
/*!40101 SET @saved_cs_client     = @@character_set_client */;
/*!40101 SET character_set_client = utf8 */;
CREATE TABLE `inter_agr_ekonom` (
  `id` int(11) NOT NULL AUTO_INCREMENT,
  `country` varchar(45) DEFAULT NULL,
  `party1` varchar(45) DEFAULT NULL,
  `party2` varchar(45) DEFAULT NULL,
  `date_start` date DEFAULT NULL,
  `date_actuality` date DEFAULT NULL,
  `subject` varchar(45) DEFAULT NULL,
  `status` varchar(45) DEFAULT NULL,
  `del_st` varchar(255) DEFAULT '1',
  `author` varchar(255) DEFAULT NULL,
  PRIMARY KEY (`id`)
) ENGINE=InnoDB DEFAULT CHARSET=utf8;
/*!40101 SET character_set_client = @saved_cs_client */;

--
-- Dumping data for table `inter_agr_ekonom`
--

LOCK TABLES `inter_agr_ekonom` WRITE;
/*!40000 ALTER TABLE `inter_agr_ekonom` DISABLE KEYS */;
/*!40000 ALTER TABLE `inter_agr_ekonom` ENABLE KEYS */;
UNLOCK TABLES;

--
-- Table structure for table `inter_contract`
--

DROP TABLE IF EXISTS `inter_contract`;
/*!40101 SET @saved_cs_client     = @@character_set_client */;
/*!40101 SET character_set_client = utf8 */;
CREATE TABLE `inter_contract` (
  `id` int(11) NOT NULL AUTO_INCREMENT,
  `country` varchar(45) DEFAULT NULL,
  `name_university` varchar(45) DEFAULT NULL,
  `start` date DEFAULT NULL,
  `subject` varchar(45) DEFAULT NULL,
  `del_st` varchar(255) DEFAULT '1',
  `author` varchar(255) DEFAULT NULL,
  PRIMARY KEY (`id`)
) ENGINE=InnoDB DEFAULT CHARSET=utf8;
/*!40101 SET character_set_client = @saved_cs_client */;

--
-- Dumping data for table `inter_contract`
--

LOCK TABLES `inter_contract` WRITE;
/*!40000 ALTER TABLE `inter_contract` DISABLE KEYS */;
/*!40000 ALTER TABLE `inter_contract` ENABLE KEYS */;
UNLOCK TABLES;

--
-- Table structure for table `inter_cult_events`
--

DROP TABLE IF EXISTS `inter_cult_events`;
/*!40101 SET @saved_cs_client     = @@character_set_client */;
/*!40101 SET character_set_client = utf8 */;
CREATE TABLE `inter_cult_events` (
  `id` int(11) NOT NULL AUTO_INCREMENT,
  `event_name` varchar(45) DEFAULT NULL,
  `event_target` varchar(45) DEFAULT NULL,
  `event_date` varchar(45) DEFAULT NULL,
  `event_qua` varchar(45) DEFAULT NULL,
  `event_location` varchar(45) DEFAULT NULL,
  `event_status` varchar(45) DEFAULT NULL,
  `event_results` text,
  `del_st` varchar(255) DEFAULT '1',
  `author` varchar(255) DEFAULT NULL,
  PRIMARY KEY (`id`)
) ENGINE=InnoDB DEFAULT CHARSET=utf8;
/*!40101 SET character_set_client = @saved_cs_client */;

--
-- Dumping data for table `inter_cult_events`
--

LOCK TABLES `inter_cult_events` WRITE;
/*!40000 ALTER TABLE `inter_cult_events` DISABLE KEYS */;
/*!40000 ALTER TABLE `inter_cult_events` ENABLE KEYS */;
UNLOCK TABLES;

--
-- Table structure for table `inter_event_ekonom`
--

DROP TABLE IF EXISTS `inter_event_ekonom`;
/*!40101 SET @saved_cs_client     = @@character_set_client */;
/*!40101 SET character_set_client = utf8 */;
CREATE TABLE `inter_event_ekonom` (
  `id` int(11) NOT NULL AUTO_INCREMENT,
  `event_name` varchar(45) DEFAULT NULL,
  `event_target` varchar(45) DEFAULT NULL,
  `event_date` date DEFAULT NULL,
  `event_qua` varchar(45) DEFAULT NULL,
  `event_location` varchar(45) DEFAULT NULL,
  `status` varchar(45) DEFAULT NULL,
  `result` varchar(45) DEFAULT NULL,
  `del_st` varchar(255) DEFAULT '1',
  `author` varchar(255) DEFAULT NULL,
  PRIMARY KEY (`id`)
) ENGINE=InnoDB DEFAULT CHARSET=utf8;
/*!40101 SET character_set_client = @saved_cs_client */;

--
-- Dumping data for table `inter_event_ekonom`
--

LOCK TABLES `inter_event_ekonom` WRITE;
/*!40000 ALTER TABLE `inter_event_ekonom` DISABLE KEYS */;
/*!40000 ALTER TABLE `inter_event_ekonom` ENABLE KEYS */;
UNLOCK TABLES;

--
-- Table structure for table `logs`
--

DROP TABLE IF EXISTS `logs`;
/*!40101 SET @saved_cs_client     = @@character_set_client */;
/*!40101 SET character_set_client = utf8 */;
CREATE TABLE `logs` (
  `id` int(11) NOT NULL AUTO_INCREMENT,
  `login` varchar(45) DEFAULT NULL,
  `event` varchar(45) DEFAULT NULL,
  `event_time` varchar(45) DEFAULT NULL,
  `red_id` varchar(45) DEFAULT NULL,
  `del_id` varchar(45) DEFAULT NULL,
  `record_id` varchar(45) DEFAULT NULL,
  `tab` varchar(45) DEFAULT NULL,
  PRIMARY KEY (`id`)
) ENGINE=InnoDB AUTO_INCREMENT=45 DEFAULT CHARSET=utf8;
/*!40101 SET character_set_client = @saved_cs_client */;

--
-- Dumping data for table `logs`
--

LOCK TABLES `logs` WRITE;
/*!40000 ALTER TABLE `logs` DISABLE KEYS */;
INSERT INTO `logs` VALUES (1,'depcadr','Авторизация в системе','1600268192',NULL,NULL,NULL,NULL),(2,'depcadr','Авторизация в системе','1602791081',NULL,NULL,NULL,NULL),(3,'admguber','Авторизация в системе','1602791313',NULL,NULL,NULL,NULL),(4,'depcadr','Авторизация в системе','1605649176',NULL,NULL,NULL,NULL),(5,'depcadr','Авторизация в системе','1605722206',NULL,NULL,NULL,NULL),(6,'depcadr','Авторизация в системе','1608621937',NULL,NULL,NULL,NULL),(7,'depcadr','Авторизация в системе','1608648638',NULL,NULL,NULL,NULL),(8,'depcadr','Авторизация в системе','1609233122',NULL,NULL,NULL,NULL),(9,'depcadr','Авторизация в системе','1613649076',NULL,NULL,NULL,NULL),(10,'sti_misis','Авторизация в системе','1613731018',NULL,NULL,NULL,NULL),(11,'bsu','Авторизация в системе','1613733674',NULL,NULL,NULL,NULL),(12,'bsu','Авторизация в системе','1613734374',NULL,NULL,NULL,NULL),(13,'bukep','Авторизация в системе','1613735951',NULL,NULL,NULL,NULL),(14,'bukep','Авторизация в системе','1613805419',NULL,NULL,NULL,NULL),(15,'gf_misis','Авторизация в системе','1613830999',NULL,NULL,NULL,NULL),(16,'bstu','Авторизация в системе','1614159118',NULL,NULL,NULL,NULL),(17,'gf_misis','Авторизация в системе','1614165970',NULL,NULL,NULL,NULL),(18,'depcadr','Авторизация в системе','1614166286',NULL,NULL,NULL,NULL),(19,'sti_misis','Авторизация в системе','1614166336',NULL,NULL,NULL,NULL),(20,'ordjonikidze','Авторизация в системе','1614754856',NULL,NULL,NULL,NULL),(21,'bstu','Авторизация в системе','1615297638',NULL,NULL,NULL,NULL),(22,'bstu','Добавление записей из файла Excel','1615298079',NULL,NULL,NULL,'fulltime_education'),(23,'bstu','Добавление записей из файла Excel','1615298113',NULL,NULL,NULL,'fulltime_education'),(24,'','Добавление записей из файла Excel','1615362015',NULL,NULL,NULL,'fulltime_education'),(25,'','Добавление записей из файла Excel','1615362058',NULL,NULL,NULL,'fulltime_education'),(26,'','Добавление записей из файла Excel','1615362090',NULL,NULL,NULL,'fulltime_education'),(27,'','Добавление записей из файла Excel','1615362145',NULL,NULL,NULL,'nofulltime_education'),(28,'','Добавление записей из файла Excel','1615362175',NULL,NULL,NULL,'fulltime_education'),(29,'','Добавление записей из файла Excel','1615362240',NULL,NULL,NULL,'fulltime_education'),(30,'bstu','Авторизация в системе','1615362511',NULL,NULL,NULL,NULL),(31,'bstu','Добавление записей из файла Excel','1615362594',NULL,NULL,NULL,'fulltime_education'),(32,'bstu','Добавление записей из файла Excel','1615362631',NULL,NULL,NULL,'nofulltime_education'),(33,'bstu','Добавление записей из файла Excel','1615362647',NULL,NULL,NULL,'auslanders'),(34,'bstu','Авторизация в системе','1615362798',NULL,NULL,NULL,NULL),(35,'bstu','Добавление записей из файла Excel','1615362914',NULL,NULL,NULL,'fulltime_education'),(36,'bstu','Добавление записей из файла Excel','1615362957',NULL,NULL,NULL,'nofulltime_education'),(37,'bstu','Добавление записей из файла Excel','1615362980',NULL,NULL,NULL,'nofulltime_education'),(38,'bstu','Добавление записей из файла Excel','1615363025',NULL,NULL,NULL,'fulltime_education'),(39,'bstu','Добавление записей из файла Excel','1615363077',NULL,NULL,NULL,'nofulltime_education'),(40,'bstu','Добавление записей из файла Excel','1615363560',NULL,NULL,NULL,'fulltime_education'),(41,'bstu','Авторизация в системе','1615363690',NULL,NULL,NULL,NULL),(42,'sti_misis','Авторизация в системе','1615363960',NULL,NULL,NULL,NULL),(43,'depcadr','Авторизация в системе','1615976802',NULL,NULL,NULL,NULL),(44,'admguber','Авторизация в системе','1617623470',NULL,NULL,NULL,NULL);
/*!40000 ALTER TABLE `logs` ENABLE KEYS */;
UNLOCK TABLES;

--
-- Table structure for table `mobile_program`
--

DROP TABLE IF EXISTS `mobile_program`;
/*!40101 SET @saved_cs_client     = @@character_set_client */;
/*!40101 SET character_set_client = utf8 */;
CREATE TABLE `mobile_program` (
  `id` int(11) NOT NULL AUTO_INCREMENT,
  `country` varchar(45) DEFAULT NULL,
  `name_mobile_program` varchar(45) DEFAULT NULL,
  `del_st` varchar(255) DEFAULT '1',
  `author` varchar(255) DEFAULT NULL,
  PRIMARY KEY (`id`)
) ENGINE=InnoDB DEFAULT CHARSET=utf8;
/*!40101 SET character_set_client = @saved_cs_client */;

--
-- Dumping data for table `mobile_program`
--

LOCK TABLES `mobile_program` WRITE;
/*!40000 ALTER TABLE `mobile_program` DISABLE KEYS */;
/*!40000 ALTER TABLE `mobile_program` ENABLE KEYS */;
UNLOCK TABLES;

--
-- Table structure for table `nofulltime_education`
--

DROP TABLE IF EXISTS `nofulltime_education`;
/*!40101 SET @saved_cs_client     = @@character_set_client */;
/*!40101 SET character_set_client = utf8 */;
CREATE TABLE `nofulltime_education` (
  `id` int(5) NOT NULL AUTO_INCREMENT,
  `country` varchar(50) DEFAULT NULL,
  `high_educ` varchar(50) DEFAULT NULL,
  `spo` varchar(50) DEFAULT NULL,
  `asp` varchar(50) DEFAULT NULL,
  `one_curs` varchar(50) DEFAULT NULL,
  `expelled` varchar(50) DEFAULT NULL,
  `del_st` varchar(255) DEFAULT '1',
  `author` varchar(255) DEFAULT NULL,
  PRIMARY KEY (`id`)
) ENGINE=InnoDB AUTO_INCREMENT=76 DEFAULT CHARSET=utf8;
/*!40101 SET character_set_client = @saved_cs_client */;

--
-- Dumping data for table `nofulltime_education`
--

LOCK TABLES `nofulltime_education` WRITE;
/*!40000 ALTER TABLE `nofulltime_education` DISABLE KEYS */;
INSERT INTO `nofulltime_education` VALUES (1,'Беларусь','137','0','0','0','0','1',''),(2,'Украина','77','0','0','0','0','1',''),(3,'Туркменистан','14','0','0','0','0','1',''),(4,'Молдова','3','0','0','0','0','1',''),(5,'Казахстан','14','0','3','0','0','1',''),(6,'Азербайджан','9','0','0','0','0','1',''),(7,'Германия','1','0','0','0','0','1',''),(8,'Узбекистан ','54','0','2','0','0','1',''),(9,'Таджикистан','3','0','0','0','0','1',''),(10,'Армения','6','0','0','0','0','1',''),(11,'Руанда','1','0','0','0','0','1',''),(12,'Грузия','1','0','0','0','0','1',''),(13,'Киргизия','3','0','0','0','0','1',''),(14,'Египет','1','0','0','0','0','1',''),(15,'Нигерия','1','0','0','0','0','1',''),(16,'Беларусь','137','0','0','0','0','1','bstu'),(17,'Украина','77','0','0','0','0','1','bstu'),(18,'Туркменистан','14','0','0','0','0','1','bstu'),(19,'Молдова','3','0','0','0','0','1','bstu'),(20,'Казахстан','14','0','3','0','0','1','bstu'),(21,'Азербайджан','9','0','0','0','0','1','bstu'),(22,'Германия','1','0','0','0','0','1','bstu'),(23,'Узбекистан ','54','0','2','0','0','1','bstu'),(24,'Таджикистан','3','0','0','0','0','1','bstu'),(25,'Армения','6','0','0','0','0','1','bstu'),(26,'Руанда','1','0','0','0','0','1','bstu'),(27,'Грузия','1','0','0','0','0','1','bstu'),(28,'Киргизия','3','0','0','0','0','1','bstu'),(29,'Египет','1','0','0','0','0','1','bstu'),(30,'Нигерия','1','0','0','0','0','1','bstu'),(31,'Беларусь','137','0','0','0','0','1','bstu'),(32,'Украина','77','0','0','0','0','1','bstu'),(33,'Туркменистан','14','0','0','0','0','1','bstu'),(34,'Молдова','3','0','0','0','0','1','bstu'),(35,'Казахстан','14','0','3','0','0','1','bstu'),(36,'Азербайджан','9','0','0','0','0','1','bstu'),(37,'Германия','1','0','0','0','0','1','bstu'),(38,'Узбекистан ','54','0','2','0','0','1','bstu'),(39,'Таджикистан','3','0','0','0','0','1','bstu'),(40,'Армения','6','0','0','0','0','1','bstu'),(41,'Руанда','1','0','0','0','0','1','bstu'),(42,'Грузия','1','0','0','0','0','1','bstu'),(43,'Киргизия','3','0','0','0','0','1','bstu'),(44,'Египет','1','0','0','0','0','1','bstu'),(45,'Нигерия','1','0','0','0','0','1','bstu'),(46,'Беларусь','137','0','0','0','0','1','bstu'),(47,'Украина','77','0','0','0','0','1','bstu'),(48,'Туркменистан','14','0','0','0','0','1','bstu'),(49,'Молдова','3','0','0','0','0','1','bstu'),(50,'Казахстан','14','0','3','0','0','1','bstu'),(51,'Азербайджан','9','0','0','0','0','1','bstu'),(52,'Германия','1','0','0','0','0','1','bstu'),(53,'Узбекистан ','54','0','2','0','0','1','bstu'),(54,'Таджикистан','3','0','0','0','0','1','bstu'),(55,'Армения','6','0','0','0','0','1','bstu'),(56,'Руанда','1','0','0','0','0','1','bstu'),(57,'Грузия','1','0','0','0','0','1','bstu'),(58,'Киргизия','3','0','0','0','0','1','bstu'),(59,'Египет','1','0','0','0','0','1','bstu'),(60,'Нигерия','1','0','0','0','0','1','bstu'),(61,'Беларусь','137','0','0','0','0','1','bstu'),(62,'Украина','77','0','0','0','0','1','bstu'),(63,'Туркменистан','14','0','0','0','0','1','bstu'),(64,'Молдова','3','0','0','0','0','1','bstu'),(65,'Казахстан','14','0','3','0','0','1','bstu'),(66,'Азербайджан','9','0','0','0','0','1','bstu'),(67,'Германия','1','0','0','0','0','1','bstu'),(68,'Узбекистан ','54','0','2','0','0','1','bstu'),(69,'Таджикистан','3','0','0','0','0','1','bstu'),(70,'Армения','6','0','0','0','0','1','bstu'),(71,'Руанда','1','0','0','0','0','1','bstu'),(72,'Грузия','1','0','0','0','0','1','bstu'),(73,'Киргизия','3','0','0','0','0','1','bstu'),(74,'Египет','1','0','0','0','0','1','bstu'),(75,'Нигерия','1','0','0','0','0','1','bstu');
/*!40000 ALTER TABLE `nofulltime_education` ENABLE KEYS */;
UNLOCK TABLES;

--
-- Table structure for table `participants`
--

DROP TABLE IF EXISTS `participants`;
/*!40101 SET @saved_cs_client     = @@character_set_client */;
/*!40101 SET character_set_client = utf8 */;
CREATE TABLE `participants` (
  `id` int(11) NOT NULL AUTO_INCREMENT,
  `name` varchar(100) DEFAULT NULL,
  PRIMARY KEY (`id`)
) ENGINE=InnoDB AUTO_INCREMENT=17 DEFAULT CHARSET=utf8;
/*!40101 SET character_set_client = @saved_cs_client */;

--
-- Dumping data for table `participants`
--

LOCK TABLES `participants` WRITE;
/*!40000 ALTER TABLE `participants` DISABLE KEYS */;
INSERT INTO `participants` VALUES (1,'Администрация Губернатора Области'),(2,'Департамент внутренней и кадровой политики'),(3,'Управление науки'),(4,'Управление проектно-аналитической и контрольно-организационной работы'),(5,'Управление молодёжной политики'),(6,'Управление культуры'),(7,'Департамент экономического развития области'),(8,'ФГАОУ ВО «Белгородский государственный национальный исследовательский университет»'),(9,'СОФ НИУ «БелГУ»'),(10,'ФГБОУ ВО «Белгородский государственный технологический университет им. В.Г. Шухова»'),(11,'ФГБОУ ВО Белгородский ГАУ им. В.Я. Горина'),(12,'СТИ НИТУ «МИСиС»'),(13,'ГФ НИТУ «МИСиС»'),(14,'ФГБОУ ВО «Белгородский государственный институт искусств и культуры» '),(15,'СОФ РГГРУ имени Серго Орджоникидзе'),(16,'АНО ВО «Белгородский университет кооперации, экономики и права»');
/*!40000 ALTER TABLE `participants` ENABLE KEYS */;
UNLOCK TABLES;

--
-- Table structure for table `ref_country`
--

DROP TABLE IF EXISTS `ref_country`;
/*!40101 SET @saved_cs_client     = @@character_set_client */;
/*!40101 SET character_set_client = utf8 */;
CREATE TABLE `ref_country` (
  `id` int(10) unsigned NOT NULL AUTO_INCREMENT,
  `name` varchar(64) DEFAULT NULL,
  `fullname` varchar(255) DEFAULT NULL,
  PRIMARY KEY (`id`)
) ENGINE=InnoDB AUTO_INCREMENT=281 DEFAULT CHARSET=utf8;
/*!40101 SET character_set_client = @saved_cs_client */;

--
-- Dumping data for table `ref_country`
--

LOCK TABLES `ref_country` WRITE;
/*!40000 ALTER TABLE `ref_country` DISABLE KEYS */;
INSERT INTO `ref_country` VALUES (1,'Российская Федерация','Российская Федерация'),(2,'Абхазия','Республика Абхазия'),(3,'Азербайджан','Республика Азербайджан'),(4,'Армения','Республика Армения'),(6,'Грузия','Грузия'),(7,'Казахстан','Республика Казахстан'),(8,'Киргизия','Киргизская Республика'),(9,'Латвия','Латвийская Республика'),(10,'Литва','Литовская Республика'),(11,'Молдова','Республика Молдова'),(12,'Таджикистан','Республика Таджикистан'),(13,'Туркмения','Туркменистан'),(14,'Узбекистан','Республика Узбекистан'),(15,'Украина','Украина'),(17,'Южная Осетия','Республика Южная Осетия'),(18,'не определено',NULL),(19,'Аргентина','Аргентинская Республика'),(22,'Нигерия','Федеративная Республика Нигерия'),(23,'Палестина','Государство Палестина'),(24,'Китай','Китайская Народная Республика'),(27,'Бразилия','Федеративная Республика Бразилия'),(28,'Гана','Республика Гана'),(29,'Турция','Турецкая Республика'),(32,'Сирийская арабская республика','Сирийская арабская республика'),(33,'Перу','Республика Перу'),(34,'Иордания','Иорданское Хашимитское Королевство'),(35,'Чад','Республика Чад'),(36,'Эквадор','Республика Эквадор'),(37,'Сальвадор',' '),(38,'Ирак','Республика Ирак'),(39,'Султанат Оман','Султанат Оман'),(40,'Йемен','Йеменская Республика'),(41,'Ангола','Республика Ангола'),(42,'Индия','Республика Индия'),(43,'Колумбия','Республика Колумбия'),(44,'Туркменистан','Туркменистан'),(45,'Монголия','Монголия'),(47,'Германия','Федеративная Республика Германия'),(48,'Бурунди','Республика Бурунди'),(49,'Белорусcия','Республика Беларусь'),(50,'Ливан','Ливанская Республика'),(51,'Мексика','Мексиканские Соединенные Штаты'),(52,'Гондурас','Республика Гондурас'),(53,'Боливия','Многонациональное Государство Боливия'),(54,'Кот-д’Ивуар','Республика Кот д\'Ивуар'),(55,'Израиль','Государство Израиль'),(56,'Камбоджа','Королевство Камбоджа'),(57,'Венгрия','Венгрия'),(60,'Сeнегал','Республика Сенегал'),(61,'Кения','Республика Кения'),(62,'Гвинея','Гвинейская Республика'),(63,'Сомали','Федеративная Республика Сомали'),(64,'Экваториальная Гвинея','Республика Экваториальная Гвинея'),(66,'Замбия','Республика Замбия'),(67,'Мали','Республика Мали'),(68,'Венесуэла','Боливарианская Республика Венесуэла'),(69,'Марокко','Королевство Марокко'),(70,'Вьетнам','Социалистическая Республика Вьетнам'),(71,'Албания','Республика Албания'),(72,'Гаити','Республика Гаити'),(73,'Мозамбик','Республика Мозамбик'),(75,'Япония','Япония'),(76,'Коста-Рика','Республика Коста-Рика'),(77,'Гайана','Республика Гайана'),(79,'Панама','Республика Панама'),(81,'Гватемала','Республика Гватемала'),(82,'Кыргызстан','Киргизская Республика'),(83,'Ямайка','Ямайка'),(84,'Конго, Республика Конго','Республика Конго'),(85,'Малайзия','Малайзия'),(107,'Лицо без гражданства',NULL),(109,'Индонезия','Республика Индонезия'),(138,'Шри-Ланка','Демократическая Социалистическая Республика Шри-Ланка'),(139,'Кабо-Верде','Республика Кабо-Верде'),(141,'Италия','Итальянская Республика'),(143,'Ботсвана','Республика Ботсвана '),(239,'Афганистан','Переходное Исламское Государство Афганистан'),(240,'Судан','Республика Судан'),(241,'Египет','Арабская Республика Египет'),(242,'Бенин','Республика Бенин'),(243,'Чили','Республика Чили'),(245,'Мадагаскар','Республика Мадагаскар'),(246,'Польша','Республика Польша'),(247,'Танзания, Объединенная республика','Объединенная Республика Танзания'),(255,'Сьерра-Леоне','Республика Сьерра-Леоне'),(258,'Таиланд','Королевство Таиланд'),(259,'Тунис','Тунисская Республика'),(263,'Франция','Французская Республика'),(268,'Непал','Федеративная Демократическая Республика Непал'),(270,'Камерун','Республика Камерун'),(272,'Босния и Герцеговина','Босния и Герцеговина'),(279,'Македония','Республика Македония'),(280,'Конго, Демократическая Республика Конго','Демократическая Республика Конго');
/*!40000 ALTER TABLE `ref_country` ENABLE KEYS */;
UNLOCK TABLES;

--
-- Table structure for table `ref_participant`
--

DROP TABLE IF EXISTS `ref_participant`;
/*!40101 SET @saved_cs_client     = @@character_set_client */;
/*!40101 SET character_set_client = utf8 */;
CREATE TABLE `ref_participant` (
  `id` int(11) NOT NULL AUTO_INCREMENT,
  `name` int(11) DEFAULT NULL,
  PRIMARY KEY (`id`)
) ENGINE=InnoDB DEFAULT CHARSET=utf8;
/*!40101 SET character_set_client = @saved_cs_client */;

--
-- Dumping data for table `ref_participant`
--

LOCK TABLES `ref_participant` WRITE;
/*!40000 ALTER TABLE `ref_participant` DISABLE KEYS */;
/*!40000 ALTER TABLE `ref_participant` ENABLE KEYS */;
UNLOCK TABLES;

--
-- Table structure for table `science_events`
--

DROP TABLE IF EXISTS `science_events`;
/*!40101 SET @saved_cs_client     = @@character_set_client */;
/*!40101 SET character_set_client = utf8 */;
CREATE TABLE `science_events` (
  `id` int(11) NOT NULL AUTO_INCREMENT,
  `name` varchar(45) DEFAULT NULL,
  `start` date DEFAULT NULL,
  `stop` date DEFAULT NULL,
  `location` varchar(45) DEFAULT NULL,
  `qua` varchar(45) DEFAULT NULL,
  `results` longtext,
  `del_st` varchar(255) DEFAULT '1',
  `author` varchar(255) DEFAULT NULL,
  PRIMARY KEY (`id`)
) ENGINE=InnoDB AUTO_INCREMENT=2 DEFAULT CHARSET=utf8;
/*!40101 SET character_set_client = @saved_cs_client */;

--
-- Dumping data for table `science_events`
--

LOCK TABLES `science_events` WRITE;
/*!40000 ALTER TABLE `science_events` DISABLE KEYS */;
INSERT INTO `science_events` VALUES (1,'Siberian Industrial Design Days','2015-05-20','2016-05-20','140','Платформа видеоконференций \"Zoom\"','Мероприятие посвящено таким темам, как дизайн, эстетика и искусство. По результатам форума опубликован сборник трудов, в который вошли научные работы, посвященные темам архитектурного дизайна, компьютерной графики и ее приложениям, а также дизайну товаров народного потребления.','1','bstu');
/*!40000 ALTER TABLE `science_events` ENABLE KEYS */;
UNLOCK TABLES;

--
-- Table structure for table `students_change`
--

DROP TABLE IF EXISTS `students_change`;
/*!40101 SET @saved_cs_client     = @@character_set_client */;
/*!40101 SET character_set_client = utf8 */;
CREATE TABLE `students_change` (
  `id` int(11) NOT NULL AUTO_INCREMENT,
  `country` varchar(45) DEFAULT NULL,
  `partner` varchar(45) DEFAULT NULL,
  `start` date DEFAULT NULL,
  `stop` date DEFAULT NULL,
  `del_st` varchar(255) DEFAULT '1',
  `author` varchar(255) DEFAULT NULL,
  PRIMARY KEY (`id`)
) ENGINE=InnoDB DEFAULT CHARSET=utf8;
/*!40101 SET character_set_client = @saved_cs_client */;

--
-- Dumping data for table `students_change`
--

LOCK TABLES `students_change` WRITE;
/*!40000 ALTER TABLE `students_change` DISABLE KEYS */;
/*!40000 ALTER TABLE `students_change` ENABLE KEYS */;
UNLOCK TABLES;

--
-- Table structure for table `users`
--

DROP TABLE IF EXISTS `users`;
/*!40101 SET @saved_cs_client     = @@character_set_client */;
/*!40101 SET character_set_client = utf8 */;
CREATE TABLE `users` (
  `id` int(11) NOT NULL AUTO_INCREMENT,
  `name` varchar(45) DEFAULT NULL,
  `login` varchar(45) DEFAULT NULL,
  `password` varchar(45) DEFAULT NULL,
  `firstname` varchar(25) DEFAULT NULL,
  `lastname` varchar(25) DEFAULT NULL,
  `mail` varchar(25) DEFAULT NULL,
  `participantid` int(11) DEFAULT NULL,
  PRIMARY KEY (`id`)
) ENGINE=InnoDB AUTO_INCREMENT=19 DEFAULT CHARSET=utf8;
/*!40101 SET character_set_client = @saved_cs_client */;

--
-- Dumping data for table `users`
--

LOCK TABLES `users` WRITE;
/*!40000 ALTER TABLE `users` DISABLE KEYS */;
INSERT INTO `users` VALUES (1,NULL,'admin','9e62a9d10f8973ac230c0812c64f3f58',NULL,NULL,NULL,NULL),(2,NULL,'admguber','1c301ab70fafacae208e2a907d4bfbb0',NULL,NULL,NULL,1),(3,NULL,'depcadr','fbaf9851eaebbaa900abc461157f9c45',NULL,NULL,NULL,2),(4,NULL,'sciencemanagment','5ffc659aec045ee38c7ad7da4bd8feae',NULL,NULL,NULL,3),(5,NULL,'projmanagment','bf4912e497607474e37d42ba782ca2f4',NULL,NULL,NULL,4),(6,NULL,'youthmanagment','9bde793fccb1c1b03bc6715361d59786',NULL,NULL,NULL,5),(7,NULL,'depekonom','a90579d5b39961702d54b661817d7a0a',NULL,NULL,NULL,7),(8,NULL,'bsu','d16e8683b36ed0f65e51140011f22c75',NULL,NULL,NULL,8),(9,NULL,'bsusof','2a0024e7257b7823b1e0272acbedf79c',NULL,NULL,NULL,9),(10,NULL,'bstu','431585218d98fdaa0289b0401686c629',NULL,NULL,NULL,10),(11,NULL,'bgik','8f499b8980036c45ba17143da02ac62e',NULL,NULL,NULL,11),(12,NULL,'ordjonikidze','3afe0563e777207dfbdd5052f45ca2f7',NULL,NULL,NULL,12),(13,NULL,'bukep','189475d664e7d795a1006e882c8676c0',NULL,NULL,NULL,13),(14,NULL,'culturemanagment','c39e14e110a34b6073b8863e11bfb727',NULL,NULL,NULL,6),(16,NULL,'sti_misis','b606010141f5c582571c68625e883898',NULL,NULL,NULL,NULL),(17,NULL,'gf_misis','60536d7eca8f4b6d3fd979f41bbf6122',NULL,NULL,NULL,NULL),(18,NULL,'bsau','61e15a0ae8056e27703caf20b28e1315',NULL,NULL,NULL,NULL);
/*!40000 ALTER TABLE `users` ENABLE KEYS */;
UNLOCK TABLES;

--
-- Table structure for table `youth_inter_events`
--

DROP TABLE IF EXISTS `youth_inter_events`;
/*!40101 SET @saved_cs_client     = @@character_set_client */;
/*!40101 SET character_set_client = utf8 */;
CREATE TABLE `youth_inter_events` (
  `id` int(11) NOT NULL AUTO_INCREMENT,
  `event_name` varchar(45) DEFAULT NULL,
  `event_target` varchar(45) DEFAULT NULL,
  `event_date` date DEFAULT NULL,
  `event_qua` int(11) DEFAULT NULL,
  `event_location` varchar(45) DEFAULT NULL,
  `event_status` varchar(45) DEFAULT NULL,
  `event_result` text,
  `del_st` varchar(255) DEFAULT '1',
  `author` varchar(255) DEFAULT NULL,
  PRIMARY KEY (`id`)
) ENGINE=InnoDB DEFAULT CHARSET=utf8;
/*!40101 SET character_set_client = @saved_cs_client */;

--
-- Dumping data for table `youth_inter_events`
--

LOCK TABLES `youth_inter_events` WRITE;
/*!40000 ALTER TABLE `youth_inter_events` DISABLE KEYS */;
/*!40000 ALTER TABLE `youth_inter_events` ENABLE KEYS */;
UNLOCK TABLES;

--
-- Dumping routines for database 'emou2020'
--
/*!40103 SET TIME_ZONE=@OLD_TIME_ZONE */;

/*!40101 SET SQL_MODE=@OLD_SQL_MODE */;
/*!40014 SET FOREIGN_KEY_CHECKS=@OLD_FOREIGN_KEY_CHECKS */;
/*!40014 SET UNIQUE_CHECKS=@OLD_UNIQUE_CHECKS */;
/*!40101 SET CHARACTER_SET_CLIENT=@OLD_CHARACTER_SET_CLIENT */;
/*!40101 SET CHARACTER_SET_RESULTS=@OLD_CHARACTER_SET_RESULTS */;
/*!40101 SET COLLATION_CONNECTION=@OLD_COLLATION_CONNECTION */;
/*!40111 SET SQL_NOTES=@OLD_SQL_NOTES */;

-- Dump completed on 2021-04-10 16:50:16
